	Z	Ion	Initial Level	Final Level	Temperature	Rate
17338	14	104	50	26	1.690052e+05	6.491400e+00
17339	14	104	50	26	3.372098e+05	6.707300e+00
17340	14	104	50	26	6.728216e+05	6.889800e+00
17341	14	104	50	26	1.342456e+06	7.035500e+00
17342	14	104	50	26	2.678550e+06	7.145900e+00
17343	14	104	50	26	5.344413e+06	7.309200e+00
17344	14	104	50	26	7.549186e+06	7.541900e+00
17345	14	104	50	26	1.066351e+07	7.787300e+00
17346	14	104	50	26	1.506260e+07	7.993700e+00
17347	14	104	50	26	2.127649e+07	8.136600e+00
17348	14	104	50	26	3.005384e+07	8.242300e+00
17349	14	104	50	26	4.245219e+07	8.307200e+00
17350	14	104	50	26	5.996533e+07	8.351600e+00
17351	14	104	50	26	8.470320e+07	8.394000e+00
17352	14	104	50	26	1.196465e+08	8.412800e+00
17353	14	104	50	26	1.690050e+08	8.431100e+00
17354	14	104	50	6	1.690052e+05	5.262400e+00
17355	14	104	50	6	3.372098e+05	5.535400e+00
17356	14	104	50	6	6.728216e+05	5.796000e+00
17357	14	104	50	6	1.342456e+06	6.038800e+00
17358	14	104	50	6	2.678550e+06	6.260100e+00
17359	14	104	50	6	5.344413e+06	6.747600e+00
17360	14	104	50	6	7.549186e+06	7.220400e+00
17361	14	104	50	6	1.066351e+07	7.571900e+00
17362	14	104	50	6	1.506260e+07	7.824500e+00
17363	14	104	50	6	2.127649e+07	7.987100e+00
17364	14	104	50	6	3.005384e+07	8.103000e+00
17365	14	104	50	6	4.245219e+07	8.173200e+00
17366	14	104	50	6	5.996533e+07	8.220700e+00
17367	14	104	50	6	8.470320e+07	8.266100e+00
17368	14	104	50	6	1.196465e+08	8.286600e+00
17369	14	104	50	6	1.690050e+08	8.306600e+00
17370	14	104	50	36	1.690052e+05	4.185700e+00
17371	14	104	50	36	3.372098e+05	4.458500e+00
17372	14	104	50	36	6.728216e+05	4.719100e+00
17373	14	104	50	36	1.342456e+06	4.961800e+00
17374	14	104	50	36	2.678550e+06	5.182900e+00
17375	14	104	50	36	5.344413e+06	5.671500e+00
17376	14	104	50	36	7.549186e+06	6.145200e+00
17377	14	104	50	36	1.066351e+07	6.497100e+00
17378	14	104	50	36	1.506260e+07	6.749800e+00
17379	14	104	50	36	2.127649e+07	6.912500e+00
17380	14	104	50	36	3.005384e+07	7.028400e+00
17381	14	104	50	36	4.245219e+07	7.098600e+00
17382	14	104	50	36	5.996533e+07	7.146200e+00
17383	14	104	50	36	8.470320e+07	7.191600e+00
17384	14	104	50	36	1.196465e+08	7.212000e+00
17385	14	104	50	36	1.690050e+08	7.232100e+00
17386	14	104	50	31	1.690052e+05	5.975100e+00
17387	14	104	50	31	3.372098e+05	6.232800e+00
17388	14	104	50	31	6.728216e+05	6.470900e+00
17389	14	104	50	31	1.342456e+06	6.684500e+00
17390	14	104	50	31	2.678550e+06	6.868800e+00
17391	14	104	50	31	5.344413e+06	7.181200e+00
17392	14	104	50	31	7.549186e+06	7.537100e+00
17393	14	104	50	31	1.066351e+07	7.844900e+00
17394	14	104	50	31	1.506260e+07	8.079300e+00
17395	14	104	50	31	2.127649e+07	8.234000e+00
17396	14	104	50	31	3.005384e+07	8.345500e+00
17397	14	104	50	31	4.245219e+07	8.413800e+00
17398	14	104	50	31	5.996533e+07	8.460400e+00
17399	14	104	50	31	8.470320e+07	8.505000e+00
17400	14	104	50	31	1.196465e+08	8.524300e+00
17401	14	104	50	31	1.690050e+08	8.543100e+00
17402	14	104	50	16	1.690052e+05	6.707600e+00
17403	14	104	50	16	3.372098e+05	6.923300e+00
17404	14	104	50	16	6.728216e+05	7.105700e+00
17405	14	104	50	16	1.342456e+06	7.251200e+00
17406	14	104	50	16	2.678550e+06	7.361400e+00
17407	14	104	50	16	5.344413e+06	7.523700e+00
17408	14	104	50	16	7.549186e+06	7.755000e+00
17409	14	104	50	16	1.066351e+07	7.999600e+00
17410	14	104	50	16	1.506260e+07	8.205500e+00
17411	14	104	50	16	2.127649e+07	8.348200e+00
17412	14	104	50	16	3.005384e+07	8.453700e+00
17413	14	104	50	16	4.245219e+07	8.518600e+00
17414	14	104	50	16	5.996533e+07	8.562900e+00
17415	14	104	50	16	8.470320e+07	8.605400e+00
17416	14	104	50	16	1.196465e+08	8.624100e+00
17417	14	104	50	16	1.690050e+08	8.642400e+00
17418	14	104	50	12	1.690052e+05	4.781400e+00
17419	14	104	50	12	3.372098e+05	5.054300e+00
17420	14	104	50	12	6.728216e+05	5.315000e+00
17421	14	104	50	12	1.342456e+06	5.557800e+00
17422	14	104	50	12	2.678550e+06	5.779000e+00
17423	14	104	50	12	5.344413e+06	6.266700e+00
17424	14	104	50	12	7.549186e+06	6.739600e+00
17425	14	104	50	12	1.066351e+07	7.091200e+00
17426	14	104	50	12	1.506260e+07	7.343800e+00
17427	14	104	50	12	2.127649e+07	7.506400e+00
17428	14	104	50	12	3.005384e+07	7.622300e+00
17429	14	104	50	12	4.245219e+07	7.692500e+00
17430	14	104	50	12	5.996533e+07	7.740000e+00
17431	14	104	50	12	8.470320e+07	7.785400e+00
17432	14	104	50	12	1.196465e+08	7.805900e+00
17433	14	104	50	12	1.690050e+08	7.825900e+00
17434	14	104	50	30	1.690052e+05	6.830000e+00
17435	14	104	50	30	3.372098e+05	6.994000e+00
17436	14	104	50	30	6.728216e+05	7.121600e+00
17437	14	104	50	30	1.342456e+06	7.214600e+00
17438	14	104	50	30	2.678550e+06	7.277500e+00
17439	14	104	50	30	5.344413e+06	7.317900e+00
17440	14	104	50	30	7.549186e+06	7.334200e+00
17441	14	104	50	30	1.066351e+07	7.349600e+00
17442	14	104	50	30	1.506260e+07	7.364000e+00
17443	14	104	50	30	2.127649e+07	7.376000e+00
17444	14	104	50	30	3.005384e+07	7.386000e+00
17445	14	104	50	30	4.245219e+07	7.393000e+00
17446	14	104	50	30	5.996533e+07	7.398200e+00
17447	14	104	50	30	8.470320e+07	7.403000e+00
17448	14	104	50	30	1.196465e+08	7.405500e+00
17449	14	104	50	30	1.690050e+08	7.407900e+00
17450	14	104	50	1	1.690052e+05	6.450600e+00
17451	14	104	50	1	3.372098e+05	6.723400e+00
17452	14	104	50	1	6.728216e+05	6.984000e+00
17453	14	104	50	1	1.342456e+06	7.226800e+00
17454	14	104	50	1	2.678550e+06	7.448200e+00
17455	14	104	50	1	5.344413e+06	7.938000e+00
17456	14	104	50	1	7.549186e+06	8.412000e+00
17457	14	104	50	1	1.066351e+07	8.764000e+00
17458	14	104	50	1	1.506260e+07	9.016700e+00
17459	14	104	50	1	2.127649e+07	9.179400e+00
17460	14	104	50	1	3.005384e+07	9.295300e+00
17461	14	104	50	1	4.245219e+07	9.365500e+00
17462	14	104	50	1	5.996533e+07	9.413100e+00
17463	14	104	50	1	8.470320e+07	9.458500e+00
17464	14	104	50	1	1.196465e+08	9.479000e+00
17465	14	104	50	1	1.690050e+08	9.499000e+00
17466	14	104	50	40	1.690052e+05	6.258100e+00
17467	14	104	50	40	3.372098e+05	6.474300e+00
17468	14	104	50	40	6.728216e+05	6.657100e+00
17469	14	104	50	40	1.342456e+06	6.803200e+00
17470	14	104	50	40	2.678550e+06	6.914000e+00
17471	14	104	50	40	5.344413e+06	7.078900e+00
17472	14	104	50	40	7.549186e+06	7.313600e+00
17473	14	104	50	40	1.066351e+07	7.560500e+00
17474	14	104	50	40	1.506260e+07	7.767600e+00
17475	14	104	50	40	2.127649e+07	7.910900e+00
17476	14	104	50	40	3.005384e+07	8.016700e+00
17477	14	104	50	40	4.245219e+07	8.081800e+00
17478	14	104	50	40	5.996533e+07	8.126200e+00
17479	14	104	50	40	8.470320e+07	8.168700e+00
17480	14	104	50	40	1.196465e+08	8.187500e+00
17481	14	104	50	40	1.690050e+08	8.205900e+00
17482	14	104	50	45	1.690052e+05	7.099500e+00
17483	14	104	50	45	3.372098e+05	7.193800e+00
17484	14	104	50	45	6.728216e+05	7.260900e+00
17485	14	104	50	45	1.342456e+06	7.305300e+00
17486	14	104	50	45	2.678550e+06	7.332200e+00
17487	14	104	50	45	5.344413e+06	7.346000e+00
17488	14	104	50	45	7.549186e+06	7.344600e+00
17489	14	104	50	45	1.066351e+07	7.335800e+00
17490	14	104	50	45	1.506260e+07	7.320100e+00
17491	14	104	50	45	2.127649e+07	7.302000e+00
17492	14	104	50	45	3.005384e+07	7.282700e+00
17493	14	104	50	45	4.245219e+07	7.267500e+00
17494	14	104	50	45	5.996533e+07	7.255300e+00
17495	14	104	50	45	8.470320e+07	7.241400e+00
17496	14	104	50	45	1.196465e+08	7.235000e+00
17497	14	104	50	45	1.690050e+08	7.228100e+00
17498	14	104	50	7	1.690052e+05	6.678000e+00
17499	14	104	50	7	3.372098e+05	6.932500e+00
17500	14	104	50	7	6.728216e+05	7.165100e+00
17501	14	104	50	7	1.342456e+06	7.369700e+00
17502	14	104	50	7	2.678550e+06	7.539600e+00
17503	14	104	50	7	5.344413e+06	7.830500e+00
17504	14	104	50	7	7.549186e+06	8.179800e+00
17505	14	104	50	7	1.066351e+07	8.486000e+00
17506	14	104	50	7	1.506260e+07	8.720300e+00
17507	14	104	50	7	2.127649e+07	8.875000e+00
17508	14	104	50	7	3.005384e+07	8.986600e+00
17509	14	104	50	7	4.245219e+07	9.055000e+00
17510	14	104	50	7	5.996533e+07	9.101700e+00
17511	14	104	50	7	8.470320e+07	9.146400e+00
17512	14	104	50	7	1.196465e+08	9.165800e+00
17513	14	104	50	7	1.690050e+08	9.184700e+00
17514	14	104	50	22	1.690052e+05	4.446100e+00
17515	14	104	50	22	3.372098e+05	4.719000e+00
17516	14	104	50	22	6.728216e+05	4.979600e+00
17517	14	104	50	22	1.342456e+06	5.222400e+00
17518	14	104	50	22	2.678550e+06	5.443600e+00
17519	14	104	50	22	5.344413e+06	5.931300e+00
17520	14	104	50	22	7.549186e+06	6.404300e+00
17521	14	104	50	22	1.066351e+07	6.756000e+00
17522	14	104	50	22	1.506260e+07	7.008600e+00
17523	14	104	50	22	2.127649e+07	7.171200e+00
17524	14	104	50	22	3.005384e+07	7.287100e+00
17525	14	104	50	22	4.245219e+07	7.357300e+00
17526	14	104	50	22	5.996533e+07	7.404800e+00
17527	14	104	50	22	8.470320e+07	7.450200e+00
17528	14	104	50	22	1.196465e+08	7.470700e+00
17529	14	104	50	22	1.690050e+08	7.490700e+00
17530	14	104	50	44	1.690052e+05	6.751700e+00
17531	14	104	50	44	3.372098e+05	6.916400e+00
17532	14	104	50	44	6.728216e+05	7.044900e+00
17533	14	104	50	44	1.342456e+06	7.138700e+00
17534	14	104	50	44	2.678550e+06	7.202300e+00
17535	14	104	50	44	5.344413e+06	7.244600e+00
17536	14	104	50	44	7.549186e+06	7.265500e+00
17537	14	104	50	44	1.066351e+07	7.288900e+00
17538	14	104	50	44	1.506260e+07	7.313900e+00
17539	14	104	50	44	2.127649e+07	7.336000e+00
17540	14	104	50	44	3.005384e+07	7.355300e+00
17541	14	104	50	44	4.245219e+07	7.369000e+00
17542	14	104	50	44	5.996533e+07	7.379200e+00
17543	14	104	50	44	8.470320e+07	7.389100e+00
17544	14	104	50	44	1.196465e+08	7.394000e+00
17545	14	104	50	44	1.690050e+08	7.398800e+00
17546	14	104	50	17	1.690052e+05	6.279700e+00
17547	14	104	50	17	3.372098e+05	6.535800e+00
17548	14	104	50	17	6.728216e+05	6.771200e+00
17549	14	104	50	17	1.342456e+06	6.980500e+00
17550	14	104	50	17	2.678550e+06	7.158000e+00
17551	14	104	50	17	5.344413e+06	7.460500e+00
17552	14	104	50	17	7.549186e+06	7.813400e+00
17553	14	104	50	17	1.066351e+07	8.120500e+00
17554	14	104	50	17	1.506260e+07	8.354900e+00
17555	14	104	50	17	2.127649e+07	8.509700e+00
17556	14	104	50	17	3.005384e+07	8.621200e+00
17557	14	104	50	17	4.245219e+07	8.689500e+00
17558	14	104	50	17	5.996533e+07	8.736200e+00
17559	14	104	50	17	8.470320e+07	8.780800e+00
17560	14	104	50	17	1.196465e+08	8.800100e+00
17561	14	104	50	17	1.690050e+08	8.819000e+00
17562	14	104	50	49	1.690052e+05	5.736700e+00
17563	14	104	50	49	3.372098e+05	5.995900e+00
17564	14	104	50	49	6.728216e+05	6.236600e+00
17565	14	104	50	49	1.342456e+06	6.454500e+00
17566	14	104	50	49	2.678550e+06	6.645300e+00
17567	14	104	50	49	5.344413e+06	6.966800e+00
17568	14	104	50	49	7.549186e+06	7.325300e+00
17569	14	104	50	49	1.066351e+07	7.633600e+00
17570	14	104	50	49	1.506260e+07	7.868000e+00
17571	14	104	50	49	2.127649e+07	8.022700e+00
17572	14	104	50	49	3.005384e+07	8.134200e+00
17573	14	104	50	49	4.245219e+07	8.202500e+00
17574	14	104	50	49	5.996533e+07	8.249000e+00
17575	14	104	50	49	8.470320e+07	8.293500e+00
17576	14	104	50	49	1.196465e+08	8.312800e+00
17577	14	104	50	49	1.690050e+08	8.331600e+00
17578	14	104	51	19	1.690052e+05	5.969700e+00
17579	14	104	51	19	3.372098e+05	6.227900e+00
17580	14	104	51	19	6.728216e+05	6.467000e+00
17581	14	104	51	19	1.342456e+06	6.682200e+00
17582	14	104	51	19	2.678550e+06	6.865200e+00
17583	14	104	51	19	5.344413e+06	7.038800e+00
17584	14	104	51	19	7.549186e+06	7.180700e+00
17585	14	104	51	19	1.066351e+07	7.345000e+00
17586	14	104	51	19	1.506260e+07	7.505500e+00
17587	14	104	51	19	2.127649e+07	7.632500e+00
17588	14	104	51	19	3.005384e+07	7.736000e+00
17589	14	104	51	19	4.245219e+07	7.805500e+00
17590	14	104	51	19	5.996533e+07	7.855900e+00
17591	14	104	51	19	8.470320e+07	7.906100e+00
17592	14	104	51	19	1.196465e+08	7.929100e+00
17593	14	104	51	19	1.690050e+08	7.951900e+00
17594	14	104	51	20	1.690052e+05	5.969700e+00
17595	14	104	51	20	3.372098e+05	6.227900e+00
17596	14	104	51	20	6.728216e+05	6.467000e+00
17597	14	104	51	20	1.342456e+06	6.682200e+00
17598	14	104	51	20	2.678550e+06	6.865200e+00
17599	14	104	51	20	5.344413e+06	7.038800e+00
17600	14	104	51	20	7.549186e+06	7.180700e+00
17601	14	104	51	20	1.066351e+07	7.345000e+00
17602	14	104	51	20	1.506260e+07	7.505500e+00
17603	14	104	51	20	2.127649e+07	7.632500e+00
17604	14	104	51	20	3.005384e+07	7.736000e+00
17605	14	104	51	20	4.245219e+07	7.805500e+00
17606	14	104	51	20	5.996533e+07	7.855900e+00
17607	14	104	51	20	8.470320e+07	7.906100e+00
17608	14	104	51	20	1.196465e+08	7.929100e+00
17609	14	104	51	20	1.690050e+08	7.951900e+00
17610	14	104	51	21	1.690052e+05	5.969700e+00
17611	14	104	51	21	3.372098e+05	6.227900e+00
17612	14	104	51	21	6.728216e+05	6.467000e+00
17613	14	104	51	21	1.342456e+06	6.682200e+00
17614	14	104	51	21	2.678550e+06	6.865200e+00
17615	14	104	51	21	5.344413e+06	7.038800e+00
17616	14	104	51	21	7.549186e+06	7.180700e+00
17617	14	104	51	21	1.066351e+07	7.345000e+00
17618	14	104	51	21	1.506260e+07	7.505500e+00
17619	14	104	51	21	2.127649e+07	7.632500e+00
17620	14	104	51	21	3.005384e+07	7.736000e+00
17621	14	104	51	21	4.245219e+07	7.805500e+00
17622	14	104	51	21	5.996533e+07	7.855900e+00
17623	14	104	51	21	8.470320e+07	7.906100e+00
17624	14	104	51	21	1.196465e+08	7.929100e+00
17625	14	104	51	21	1.690050e+08	7.951900e+00
17626	14	104	51	32	1.690052e+05	5.160200e+00
17627	14	104	51	32	3.372098e+05	5.434900e+00
17628	14	104	51	32	6.728216e+05	5.698300e+00
17629	14	104	51	32	1.342456e+06	5.944900e+00
17630	14	104	51	32	2.678550e+06	6.162200e+00
17631	14	104	51	32	5.344413e+06	6.346700e+00
17632	14	104	51	32	7.549186e+06	6.456500e+00
17633	14	104	51	32	1.066351e+07	6.576600e+00
17634	14	104	51	32	1.506260e+07	6.696700e+00
17635	14	104	51	32	2.127649e+07	6.796100e+00
17636	14	104	51	32	3.005384e+07	6.879500e+00
17637	14	104	51	32	4.245219e+07	6.937200e+00
17638	14	104	51	32	5.996533e+07	6.979700e+00
17639	14	104	51	32	8.470320e+07	7.022100e+00
17640	14	104	51	32	1.196465e+08	7.042100e+00
17641	14	104	51	32	1.690050e+08	7.061800e+00
17642	14	104	51	27	1.690052e+05	6.830000e+00
17643	14	104	51	27	3.372098e+05	6.993900e+00
17644	14	104	51	27	6.728216e+05	7.121600e+00
17645	14	104	51	27	1.342456e+06	7.214500e+00
17646	14	104	51	27	2.678550e+06	7.277300e+00
17647	14	104	51	27	5.344413e+06	7.318300e+00
17648	14	104	51	27	7.549186e+06	7.336800e+00
17649	14	104	51	27	1.066351e+07	7.356800e+00
17650	14	104	51	27	1.506260e+07	7.379100e+00
17651	14	104	51	27	2.127649e+07	7.400400e+00
17652	14	104	51	27	3.005384e+07	7.420800e+00
17653	14	104	51	27	4.245219e+07	7.436400e+00
17654	14	104	51	27	5.996533e+07	7.449000e+00
17655	14	104	51	27	8.470320e+07	7.462100e+00
17656	14	104	51	27	1.196465e+08	7.468700e+00
17657	14	104	51	27	1.690050e+08	7.475400e+00
17658	14	104	51	28	1.690052e+05	6.830000e+00
17659	14	104	51	28	3.372098e+05	6.993900e+00
17660	14	104	51	28	6.728216e+05	7.121600e+00
17661	14	104	51	28	1.342456e+06	7.214500e+00
17662	14	104	51	28	2.678550e+06	7.277300e+00
17663	14	104	51	28	5.344413e+06	7.318300e+00
17664	14	104	51	28	7.549186e+06	7.336800e+00
17665	14	104	51	28	1.066351e+07	7.356800e+00
17666	14	104	51	28	1.506260e+07	7.379100e+00
17667	14	104	51	28	2.127649e+07	7.400400e+00
17668	14	104	51	28	3.005384e+07	7.420800e+00
17669	14	104	51	28	4.245219e+07	7.436400e+00
17670	14	104	51	28	5.996533e+07	7.449000e+00
17671	14	104	51	28	8.470320e+07	7.462100e+00
17672	14	104	51	28	1.196465e+08	7.468700e+00
17673	14	104	51	28	1.690050e+08	7.475400e+00
17674	14	104	51	29	1.690052e+05	6.830000e+00
17675	14	104	51	29	3.372098e+05	6.993900e+00
17676	14	104	51	29	6.728216e+05	7.121600e+00
17677	14	104	51	29	1.342456e+06	7.214500e+00
17678	14	104	51	29	2.678550e+06	7.277300e+00
17679	14	104	51	29	5.344413e+06	7.318300e+00
17680	14	104	51	29	7.549186e+06	7.336800e+00
17681	14	104	51	29	1.066351e+07	7.356800e+00
17682	14	104	51	29	1.506260e+07	7.379100e+00
17683	14	104	51	29	2.127649e+07	7.400400e+00
17684	14	104	51	29	3.005384e+07	7.420800e+00
17685	14	104	51	29	4.245219e+07	7.436400e+00
17686	14	104	51	29	5.996533e+07	7.449000e+00
17687	14	104	51	29	8.470320e+07	7.462100e+00
17688	14	104	51	29	1.196465e+08	7.468700e+00
17689	14	104	51	29	1.690050e+08	7.475400e+00
17690	14	104	51	18	1.690052e+05	5.424200e+00
17691	14	104	51	18	3.372098e+05	5.699000e+00
17692	14	104	51	18	6.728216e+05	5.962500e+00
17693	14	104	51	18	1.342456e+06	6.209200e+00
17694	14	104	51	18	2.678550e+06	6.426700e+00
17695	14	104	51	18	5.344413e+06	6.611400e+00
17696	14	104	51	18	7.549186e+06	6.721000e+00
17697	14	104	51	18	1.066351e+07	6.840800e+00
17698	14	104	51	18	1.506260e+07	6.960500e+00
17699	14	104	51	18	2.127649e+07	7.059600e+00
17700	14	104	51	18	3.005384e+07	7.142600e+00
17701	14	104	51	18	4.245219e+07	7.200200e+00
17702	14	104	51	18	5.996533e+07	7.242600e+00
17703	14	104	51	18	8.470320e+07	7.284800e+00
17704	14	104	51	18	1.196465e+08	7.304800e+00
17705	14	104	51	18	1.690050e+08	7.324500e+00
17706	14	104	51	23	1.690052e+05	6.498800e+00
17707	14	104	51	23	3.372098e+05	6.715800e+00
17708	14	104	51	23	6.728216e+05	6.900100e+00
17709	14	104	51	23	1.342456e+06	7.048500e+00
17710	14	104	51	23	2.678550e+06	7.161100e+00
17711	14	104	51	23	5.344413e+06	7.253100e+00
17712	14	104	51	23	7.549186e+06	7.322000e+00
17713	14	104	51	23	1.066351e+07	7.410900e+00
17714	14	104	51	23	1.506260e+07	7.510200e+00
17715	14	104	51	23	2.127649e+07	7.597700e+00
17716	14	104	51	23	3.005384e+07	7.674000e+00
17717	14	104	51	23	4.245219e+07	7.728000e+00
17718	14	104	51	23	5.996533e+07	7.768500e+00
17719	14	104	51	23	8.470320e+07	7.809600e+00
17720	14	104	51	23	1.196465e+08	7.828600e+00
17721	14	104	51	23	1.690050e+08	7.847600e+00
17722	14	104	51	24	1.690052e+05	6.498800e+00
17723	14	104	51	24	3.372098e+05	6.715800e+00
17724	14	104	51	24	6.728216e+05	6.900100e+00
17725	14	104	51	24	1.342456e+06	7.048500e+00
17726	14	104	51	24	2.678550e+06	7.161100e+00
17727	14	104	51	24	5.344413e+06	7.253100e+00
17728	14	104	51	24	7.549186e+06	7.322000e+00
17729	14	104	51	24	1.066351e+07	7.410900e+00
17730	14	104	51	24	1.506260e+07	7.510200e+00
17731	14	104	51	24	2.127649e+07	7.597700e+00
17732	14	104	51	24	3.005384e+07	7.674000e+00
17733	14	104	51	24	4.245219e+07	7.728000e+00
17734	14	104	51	24	5.996533e+07	7.768500e+00
17735	14	104	51	24	8.470320e+07	7.809600e+00
17736	14	104	51	24	1.196465e+08	7.828600e+00
17737	14	104	51	24	1.690050e+08	7.847600e+00
17738	14	104	51	25	1.690052e+05	6.498800e+00
17739	14	104	51	25	3.372098e+05	6.715800e+00
17740	14	104	51	25	6.728216e+05	6.900100e+00
17741	14	104	51	25	1.342456e+06	7.048500e+00
17742	14	104	51	25	2.678550e+06	7.161100e+00
17743	14	104	51	25	5.344413e+06	7.253100e+00
17744	14	104	51	25	7.549186e+06	7.322000e+00
17745	14	104	51	25	1.066351e+07	7.410900e+00
17746	14	104	51	25	1.506260e+07	7.510200e+00
17747	14	104	51	25	2.127649e+07	7.597700e+00
17748	14	104	51	25	3.005384e+07	7.674000e+00
17749	14	104	51	25	4.245219e+07	7.728000e+00
17750	14	104	51	25	5.996533e+07	7.768500e+00
17751	14	104	51	25	8.470320e+07	7.809600e+00
17752	14	104	51	25	1.196465e+08	7.828600e+00
17753	14	104	51	25	1.690050e+08	7.847600e+00
17754	14	104	51	2	1.690052e+05	6.254500e+00
17755	14	104	51	2	3.372098e+05	6.529700e+00
17756	14	104	51	2	6.728216e+05	6.793400e+00
17757	14	104	51	2	1.342456e+06	7.040300e+00
17758	14	104	51	2	2.678550e+06	7.257900e+00
17759	14	104	51	2	5.344413e+06	7.442400e+00
17760	14	104	51	2	7.549186e+06	7.550600e+00
17761	14	104	51	2	1.066351e+07	7.668500e+00
17762	14	104	51	2	1.506260e+07	7.786300e+00
17763	14	104	51	2	2.127649e+07	7.883900e+00
17764	14	104	51	2	3.005384e+07	7.965900e+00
17765	14	104	51	2	4.245219e+07	8.022700e+00
17766	14	104	51	2	5.996533e+07	8.064600e+00
17767	14	104	51	2	8.470320e+07	8.106500e+00
17768	14	104	51	2	1.196465e+08	8.126200e+00
17769	14	104	51	2	1.690050e+08	8.145700e+00
17770	14	104	51	3	1.690052e+05	6.701000e+00
17771	14	104	51	3	3.372098e+05	6.955800e+00
17772	14	104	51	3	6.728216e+05	7.188900e+00
17773	14	104	51	3	1.342456e+06	7.394300e+00
17774	14	104	51	3	2.678550e+06	7.562000e+00
17775	14	104	51	3	5.344413e+06	7.716500e+00
17776	14	104	51	3	7.549186e+06	7.852000e+00
17777	14	104	51	3	1.066351e+07	8.014300e+00
17778	14	104	51	3	1.506260e+07	8.175400e+00
17779	14	104	51	3	2.127649e+07	8.303500e+00
17780	14	104	51	3	3.005384e+07	8.408000e+00
17781	14	104	51	3	4.245219e+07	8.478200e+00
17782	14	104	51	3	5.996533e+07	8.529100e+00
17783	14	104	51	3	8.470320e+07	8.580000e+00
17784	14	104	51	3	1.196465e+08	8.603300e+00
17785	14	104	51	3	1.690050e+08	8.626600e+00
17786	14	104	51	4	1.690052e+05	6.701000e+00
17787	14	104	51	4	3.372098e+05	6.955800e+00
17788	14	104	51	4	6.728216e+05	7.188900e+00
17789	14	104	51	4	1.342456e+06	7.394300e+00
17790	14	104	51	4	2.678550e+06	7.562000e+00
17791	14	104	51	4	5.344413e+06	7.716500e+00
17792	14	104	51	4	7.549186e+06	7.852000e+00
17793	14	104	51	4	1.066351e+07	8.014300e+00
17794	14	104	51	4	1.506260e+07	8.175400e+00
17795	14	104	51	4	2.127649e+07	8.303500e+00
17796	14	104	51	4	3.005384e+07	8.408000e+00
17797	14	104	51	4	4.245219e+07	8.478200e+00
17798	14	104	51	4	5.996533e+07	8.529100e+00
17799	14	104	51	4	8.470320e+07	8.580000e+00
17800	14	104	51	4	1.196465e+08	8.603300e+00
17801	14	104	51	4	1.690050e+08	8.626600e+00
17802	14	104	51	5	1.690052e+05	6.701000e+00
17803	14	104	51	5	3.372098e+05	6.955800e+00
17804	14	104	51	5	6.728216e+05	7.188900e+00
17805	14	104	51	5	1.342456e+06	7.394300e+00
17806	14	104	51	5	2.678550e+06	7.562000e+00
17807	14	104	51	5	5.344413e+06	7.716500e+00
17808	14	104	51	5	7.549186e+06	7.852000e+00
17809	14	104	51	5	1.066351e+07	8.014300e+00
17810	14	104	51	5	1.506260e+07	8.175400e+00
17811	14	104	51	5	2.127649e+07	8.303500e+00
17812	14	104	51	5	3.005384e+07	8.408000e+00
17813	14	104	51	5	4.245219e+07	8.478200e+00
17814	14	104	51	5	5.996533e+07	8.529100e+00
17815	14	104	51	5	8.470320e+07	8.580000e+00
17816	14	104	51	5	1.196465e+08	8.603300e+00
17817	14	104	51	5	1.690050e+08	8.626600e+00
17818	14	104	51	37	1.690052e+05	6.270500e+00
17819	14	104	51	37	3.372098e+05	6.488400e+00
17820	14	104	51	37	6.728216e+05	6.674200e+00
17821	14	104	51	37	1.342456e+06	6.824600e+00
17822	14	104	51	37	2.678550e+06	6.940000e+00
17823	14	104	51	37	5.344413e+06	7.035000e+00
17824	14	104	51	37	7.549186e+06	7.105300e+00
17825	14	104	51	37	1.066351e+07	7.195500e+00
17826	14	104	51	37	1.506260e+07	7.295700e+00
17827	14	104	51	37	2.127649e+07	7.383600e+00
17828	14	104	51	37	3.005384e+07	7.460300e+00
17829	14	104	51	37	4.245219e+07	7.514400e+00
17830	14	104	51	37	5.996533e+07	7.555000e+00
17831	14	104	51	37	8.470320e+07	7.596100e+00
17832	14	104	51	37	1.196465e+08	7.615200e+00
17833	14	104	51	37	1.690050e+08	7.634200e+00
17834	14	104	51	38	1.690052e+05	6.270500e+00
17835	14	104	51	38	3.372098e+05	6.488400e+00
17836	14	104	51	38	6.728216e+05	6.674200e+00
17837	14	104	51	38	1.342456e+06	6.824600e+00
17838	14	104	51	38	2.678550e+06	6.940000e+00
17839	14	104	51	38	5.344413e+06	7.035000e+00
17840	14	104	51	38	7.549186e+06	7.105300e+00
17841	14	104	51	38	1.066351e+07	7.195500e+00
17842	14	104	51	38	1.506260e+07	7.295700e+00
17843	14	104	51	38	2.127649e+07	7.383600e+00
17844	14	104	51	38	3.005384e+07	7.460300e+00
17845	14	104	51	38	4.245219e+07	7.514400e+00
17846	14	104	51	38	5.996533e+07	7.555000e+00
17847	14	104	51	38	8.470320e+07	7.596100e+00
17848	14	104	51	38	1.196465e+08	7.615200e+00
17849	14	104	51	38	1.690050e+08	7.634200e+00
17850	14	104	51	39	1.690052e+05	6.270500e+00
17851	14	104	51	39	3.372098e+05	6.488400e+00
17852	14	104	51	39	6.728216e+05	6.674200e+00
17853	14	104	51	39	1.342456e+06	6.824600e+00
17854	14	104	51	39	2.678550e+06	6.940000e+00
17855	14	104	51	39	5.344413e+06	7.035000e+00
17856	14	104	51	39	7.549186e+06	7.105300e+00
17857	14	104	51	39	1.066351e+07	7.195500e+00
17858	14	104	51	39	1.506260e+07	7.295700e+00
17859	14	104	51	39	2.127649e+07	7.383600e+00
17860	14	104	51	39	3.005384e+07	7.460300e+00
17861	14	104	51	39	4.245219e+07	7.514400e+00
17862	14	104	51	39	5.996533e+07	7.555000e+00
17863	14	104	51	39	8.470320e+07	7.596100e+00
17864	14	104	51	39	1.196465e+08	7.615200e+00
17865	14	104	51	39	1.690050e+08	7.634200e+00
17866	14	104	51	13	1.690052e+05	6.711500e+00
17867	14	104	51	13	3.372098e+05	6.927800e+00
17868	14	104	51	13	6.728216e+05	7.111200e+00
17869	14	104	51	13	1.342456e+06	7.258100e+00
17870	14	104	51	13	2.678550e+06	7.368800e+00
17871	14	104	51	13	5.344413e+06	7.458700e+00
17872	14	104	51	13	7.549186e+06	7.526500e+00
17873	14	104	51	13	1.066351e+07	7.614500e+00
17874	14	104	51	13	1.506260e+07	7.713200e+00
17875	14	104	51	13	2.127649e+07	7.800300e+00
17876	14	104	51	13	3.005384e+07	7.876400e+00
17877	14	104	51	13	4.245219e+07	7.930300e+00
17878	14	104	51	13	5.996533e+07	7.970600e+00
17879	14	104	51	13	8.470320e+07	8.011700e+00
17880	14	104	51	13	1.196465e+08	8.030700e+00
17881	14	104	51	13	1.690050e+08	8.049700e+00
17882	14	104	51	14	1.690052e+05	6.711500e+00
17883	14	104	51	14	3.372098e+05	6.927800e+00
17884	14	104	51	14	6.728216e+05	7.111200e+00
17885	14	104	51	14	1.342456e+06	7.258100e+00
17886	14	104	51	14	2.678550e+06	7.368800e+00
17887	14	104	51	14	5.344413e+06	7.458700e+00
17888	14	104	51	14	7.549186e+06	7.526500e+00
17889	14	104	51	14	1.066351e+07	7.614500e+00
17890	14	104	51	14	1.506260e+07	7.713200e+00
17891	14	104	51	14	2.127649e+07	7.800300e+00
17892	14	104	51	14	3.005384e+07	7.876400e+00
17893	14	104	51	14	4.245219e+07	7.930300e+00
17894	14	104	51	14	5.996533e+07	7.970600e+00
17895	14	104	51	14	8.470320e+07	8.011700e+00
17896	14	104	51	14	1.196465e+08	8.030700e+00
17897	14	104	51	14	1.690050e+08	8.049700e+00
17898	14	104	51	15	1.690052e+05	6.711500e+00
17899	14	104	51	15	3.372098e+05	6.927800e+00
17900	14	104	51	15	6.728216e+05	7.111200e+00
17901	14	104	51	15	1.342456e+06	7.258100e+00
17902	14	104	51	15	2.678550e+06	7.368800e+00
17903	14	104	51	15	5.344413e+06	7.458700e+00
17904	14	104	51	15	7.549186e+06	7.526500e+00
17905	14	104	51	15	1.066351e+07	7.614500e+00
17906	14	104	51	15	1.506260e+07	7.713200e+00
17907	14	104	51	15	2.127649e+07	7.800300e+00
17908	14	104	51	15	3.005384e+07	7.876400e+00
17909	14	104	51	15	4.245219e+07	7.930300e+00
17910	14	104	51	15	5.996533e+07	7.970600e+00
17911	14	104	51	15	8.470320e+07	8.011700e+00
17912	14	104	51	15	1.196465e+08	8.030700e+00
17913	14	104	51	15	1.690050e+08	8.049700e+00
17914	14	104	51	33	1.690052e+05	5.725300e+00
17915	14	104	51	33	3.372098e+05	5.985300e+00
17916	14	104	51	33	6.728216e+05	6.227300e+00
17917	14	104	51	33	1.342456e+06	6.447100e+00
17918	14	104	51	33	2.678550e+06	6.637000e+00
17919	14	104	51	33	5.344413e+06	6.818900e+00
17920	14	104	51	33	7.549186e+06	6.963500e+00
17921	14	104	51	33	1.066351e+07	7.128600e+00
17922	14	104	51	33	1.506260e+07	7.288800e+00
17923	14	104	51	33	2.127649e+07	7.415500e+00
17924	14	104	51	33	3.005384e+07	7.518400e+00
17925	14	104	51	33	4.245219e+07	7.587700e+00
17926	14	104	51	33	5.996533e+07	7.637900e+00
17927	14	104	51	33	8.470320e+07	7.687700e+00
17928	14	104	51	33	1.196465e+08	7.710600e+00
17929	14	104	51	33	1.690050e+08	7.733300e+00
17930	14	104	51	34	1.690052e+05	5.725300e+00
17931	14	104	51	34	3.372098e+05	5.985300e+00
17932	14	104	51	34	6.728216e+05	6.227300e+00
17933	14	104	51	34	1.342456e+06	6.447100e+00
17934	14	104	51	34	2.678550e+06	6.637000e+00
17935	14	104	51	34	5.344413e+06	6.818900e+00
17936	14	104	51	34	7.549186e+06	6.963500e+00
17937	14	104	51	34	1.066351e+07	7.128600e+00
17938	14	104	51	34	1.506260e+07	7.288800e+00
17939	14	104	51	34	2.127649e+07	7.415500e+00
17940	14	104	51	34	3.005384e+07	7.518400e+00
17941	14	104	51	34	4.245219e+07	7.587700e+00
17942	14	104	51	34	5.996533e+07	7.637900e+00
17943	14	104	51	34	8.470320e+07	7.687700e+00
17944	14	104	51	34	1.196465e+08	7.710600e+00
17945	14	104	51	34	1.690050e+08	7.733300e+00
17946	14	104	51	35	1.690052e+05	5.725300e+00
17947	14	104	51	35	3.372098e+05	5.985300e+00
17948	14	104	51	35	6.728216e+05	6.227300e+00
17949	14	104	51	35	1.342456e+06	6.447100e+00
17950	14	104	51	35	2.678550e+06	6.637000e+00
17951	14	104	51	35	5.344413e+06	6.818900e+00
17952	14	104	51	35	7.549186e+06	6.963500e+00
17953	14	104	51	35	1.066351e+07	7.128600e+00
17954	14	104	51	35	1.506260e+07	7.288800e+00
17955	14	104	51	35	2.127649e+07	7.415500e+00
17956	14	104	51	35	3.005384e+07	7.518400e+00
17957	14	104	51	35	4.245219e+07	7.587700e+00
17958	14	104	51	35	5.996533e+07	7.637900e+00
17959	14	104	51	35	8.470320e+07	7.687700e+00
17960	14	104	51	35	1.196465e+08	7.710600e+00
17961	14	104	51	35	1.690050e+08	7.733300e+00
17962	14	104	51	9	1.690052e+05	6.281500e+00
17963	14	104	51	9	3.372098e+05	6.538000e+00
17964	14	104	51	9	6.728216e+05	6.774300e+00
17965	14	104	51	9	1.342456e+06	6.984900e+00
17966	14	104	51	9	2.678550e+06	7.160800e+00
17967	14	104	51	9	5.344413e+06	7.325600e+00
17968	14	104	51	9	7.549186e+06	7.464700e+00
17969	14	104	51	9	1.066351e+07	7.628100e+00
17970	14	104	51	9	1.506260e+07	7.788900e+00
17971	14	104	51	9	2.127649e+07	7.916400e+00
17972	14	104	51	9	3.005384e+07	8.020300e+00
17973	14	104	51	9	4.245219e+07	8.090100e+00
17974	14	104	51	9	5.996533e+07	8.140800e+00
17975	14	104	51	9	8.470320e+07	8.191300e+00
17976	14	104	51	9	1.196465e+08	8.214500e+00
17977	14	104	51	9	1.690050e+08	8.237500e+00
17978	14	104	51	10	1.690052e+05	6.281500e+00
17979	14	104	51	10	3.372098e+05	6.538000e+00
17980	14	104	51	10	6.728216e+05	6.774300e+00
17981	14	104	51	10	1.342456e+06	6.984900e+00
17982	14	104	51	10	2.678550e+06	7.160800e+00
17983	14	104	51	10	5.344413e+06	7.325600e+00
17984	14	104	51	10	7.549186e+06	7.464700e+00
17985	14	104	51	10	1.066351e+07	7.628100e+00
17986	14	104	51	10	1.506260e+07	7.788900e+00
17987	14	104	51	10	2.127649e+07	7.916400e+00
17988	14	104	51	10	3.005384e+07	8.020300e+00
17989	14	104	51	10	4.245219e+07	8.090100e+00
17990	14	104	51	10	5.996533e+07	8.140800e+00
17991	14	104	51	10	8.470320e+07	8.191300e+00
17992	14	104	51	10	1.196465e+08	8.214500e+00
17993	14	104	51	10	1.690050e+08	8.237500e+00
17994	14	104	51	11	1.690052e+05	6.281500e+00
17995	14	104	51	11	3.372098e+05	6.538000e+00
17996	14	104	51	11	6.728216e+05	6.774300e+00
17997	14	104	51	11	1.342456e+06	6.984900e+00
17998	14	104	51	11	2.678550e+06	7.160800e+00
17999	14	104	51	11	5.344413e+06	7.325600e+00
18000	14	104	51	11	7.549186e+06	7.464700e+00
18001	14	104	51	11	1.066351e+07	7.628100e+00
18002	14	104	51	11	1.506260e+07	7.788900e+00
18003	14	104	51	11	2.127649e+07	7.916400e+00
18004	14	104	51	11	3.005384e+07	8.020300e+00
18005	14	104	51	11	4.245219e+07	8.090100e+00
18006	14	104	51	11	5.996533e+07	8.140800e+00
18007	14	104	51	11	8.470320e+07	8.191300e+00
18008	14	104	51	11	1.196465e+08	8.214500e+00
18009	14	104	51	11	1.690050e+08	8.237500e+00
18010	14	104	51	41	1.690052e+05	6.751600e+00
18011	14	104	51	41	3.372098e+05	6.916300e+00
18012	14	104	51	41	6.728216e+05	7.044800e+00
18013	14	104	51	41	1.342456e+06	7.138600e+00
18014	14	104	51	41	2.678550e+06	7.202100e+00
18015	14	104	51	41	5.344413e+06	7.243800e+00
18016	14	104	51	41	7.549186e+06	7.263200e+00
18017	14	104	51	41	1.066351e+07	7.284900e+00
18018	14	104	51	41	1.506260e+07	7.309200e+00
18019	14	104	51	41	2.127649e+07	7.332600e+00
18020	14	104	51	41	3.005384e+07	7.355000e+00
18021	14	104	51	41	4.245219e+07	7.372200e+00
18022	14	104	51	41	5.996533e+07	7.386000e+00
18023	14	104	51	41	8.470320e+07	7.400400e+00
18024	14	104	51	41	1.196465e+08	7.407700e+00
18025	14	104	51	41	1.690050e+08	7.415000e+00
18026	14	104	51	42	1.690052e+05	6.751600e+00
18027	14	104	51	42	3.372098e+05	6.916300e+00
18028	14	104	51	42	6.728216e+05	7.044800e+00
18029	14	104	51	42	1.342456e+06	7.138600e+00
18030	14	104	51	42	2.678550e+06	7.202100e+00
18031	14	104	51	42	5.344413e+06	7.243800e+00
18032	14	104	51	42	7.549186e+06	7.263200e+00
18033	14	104	51	42	1.066351e+07	7.284900e+00
18034	14	104	51	42	1.506260e+07	7.309200e+00
18035	14	104	51	42	2.127649e+07	7.332600e+00
18036	14	104	51	42	3.005384e+07	7.355000e+00
18037	14	104	51	42	4.245219e+07	7.372200e+00
18038	14	104	51	42	5.996533e+07	7.386000e+00
18039	14	104	51	42	8.470320e+07	7.400400e+00
18040	14	104	51	42	1.196465e+08	7.407700e+00
18041	14	104	51	42	1.690050e+08	7.415000e+00
18042	14	104	51	43	1.690052e+05	6.751600e+00
18043	14	104	51	43	3.372098e+05	6.916300e+00
18044	14	104	51	43	6.728216e+05	7.044800e+00
18045	14	104	51	43	1.342456e+06	7.138600e+00
18046	14	104	51	43	2.678550e+06	7.202100e+00
18047	14	104	51	43	5.344413e+06	7.243800e+00
18048	14	104	51	43	7.549186e+06	7.263200e+00
18049	14	104	51	43	1.066351e+07	7.284900e+00
18050	14	104	51	43	1.506260e+07	7.309200e+00
18051	14	104	51	43	2.127649e+07	7.332600e+00
18052	14	104	51	43	3.005384e+07	7.355000e+00
18053	14	104	51	43	4.245219e+07	7.372200e+00
18054	14	104	51	43	5.996533e+07	7.386000e+00
18055	14	104	51	43	8.470320e+07	7.400400e+00
18056	14	104	51	43	1.196465e+08	7.407700e+00
18057	14	104	51	43	1.690050e+08	7.415000e+00
18058	14	104	51	8	1.690052e+05	5.762200e+00
18059	14	104	51	8	3.372098e+05	6.037300e+00
18060	14	104	51	8	6.728216e+05	6.300800e+00
18061	14	104	51	8	1.342456e+06	6.547600e+00
18062	14	104	51	8	2.678550e+06	6.765200e+00
18063	14	104	51	8	5.344413e+06	6.949900e+00
18064	14	104	51	8	7.549186e+06	7.058800e+00
18065	14	104	51	8	1.066351e+07	7.177600e+00
18066	14	104	51	8	1.506260e+07	7.296300e+00
18067	14	104	51	8	2.127649e+07	7.394700e+00
18068	14	104	51	8	3.005384e+07	7.477200e+00
18069	14	104	51	8	4.245219e+07	7.534400e+00
18070	14	104	51	8	5.996533e+07	7.576500e+00
18071	14	104	51	8	8.470320e+07	7.618600e+00
18072	14	104	51	8	1.196465e+08	7.638400e+00
18073	14	104	51	8	1.690050e+08	7.658000e+00
18074	14	104	51	46	1.690052e+05	7.099500e+00
18075	14	104	51	46	3.372098e+05	7.193800e+00
18076	14	104	51	46	6.728216e+05	7.260900e+00
18077	14	104	51	46	1.342456e+06	7.305200e+00
18078	14	104	51	46	2.678550e+06	7.332200e+00
18079	14	104	51	46	5.344413e+06	7.347400e+00
18080	14	104	51	46	7.549186e+06	7.351200e+00
18081	14	104	51	46	1.066351e+07	7.352800e+00
18082	14	104	51	46	1.506260e+07	7.352400e+00
18083	14	104	51	46	2.127649e+07	7.350800e+00
18084	14	104	51	46	3.005384e+07	7.348400e+00
18085	14	104	51	46	4.245219e+07	7.346300e+00
18086	14	104	51	46	5.996533e+07	7.344300e+00
18087	14	104	51	46	8.470320e+07	7.341800e+00
18088	14	104	51	46	1.196465e+08	7.340700e+00
18089	14	104	51	46	1.690050e+08	7.339500e+00
18090	14	104	51	47	1.690052e+05	7.099500e+00
18091	14	104	51	47	3.372098e+05	7.193800e+00
18092	14	104	51	47	6.728216e+05	7.260900e+00
18093	14	104	51	47	1.342456e+06	7.305200e+00
18094	14	104	51	47	2.678550e+06	7.332200e+00
18095	14	104	51	47	5.344413e+06	7.347400e+00
18096	14	104	51	47	7.549186e+06	7.351200e+00
18097	14	104	51	47	1.066351e+07	7.352800e+00
18098	14	104	51	47	1.506260e+07	7.352400e+00
18099	14	104	51	47	2.127649e+07	7.350800e+00
18100	14	104	51	47	3.005384e+07	7.348400e+00
18101	14	104	51	47	4.245219e+07	7.346300e+00
18102	14	104	51	47	5.996533e+07	7.344300e+00
18103	14	104	51	47	8.470320e+07	7.341800e+00
18104	14	104	51	47	1.196465e+08	7.340700e+00
18105	14	104	51	47	1.690050e+08	7.339500e+00
18106	14	104	51	48	1.690052e+05	7.099500e+00
18107	14	104	51	48	3.372098e+05	7.193800e+00
18108	14	104	51	48	6.728216e+05	7.260900e+00
18109	14	104	51	48	1.342456e+06	7.305200e+00
18110	14	104	51	48	2.678550e+06	7.332200e+00
18111	14	104	51	48	5.344413e+06	7.347400e+00
18112	14	104	51	48	7.549186e+06	7.351200e+00
18113	14	104	51	48	1.066351e+07	7.352800e+00
18114	14	104	51	48	1.506260e+07	7.352400e+00
18115	14	104	51	48	2.127649e+07	7.350800e+00
18116	14	104	51	48	3.005384e+07	7.348400e+00
18117	14	104	51	48	4.245219e+07	7.346300e+00
18118	14	104	51	48	5.996533e+07	7.344300e+00
18119	14	104	51	48	8.470320e+07	7.341800e+00
18120	14	104	51	48	1.196465e+08	7.340700e+00
18121	14	104	51	48	1.690050e+08	7.339500e+00
